,,,
,,,
Date,Company,Source,Keyword Mentioned
2024-12-26,Britannia,News Report,natural ingredients
2025-01-25,Unilever,News Report,non-GMO
2025-03-21,Unilever,Press Release,high fiber
2024-01-14,ITC,CSR Report,non-GMO
2024-01-01,ITC,Annual Report,no added sugar
2025-02-20,Nestlé,Annual Report,organic
2024-04-01,Nestlé,News Report,baked not fried
2024-07-03,Coca-Cola,Annual Report,baked not fried
2024-12-25,Nestlé,Company Website,non-GMO
2024-11-29,Amul,Annual Report,organic
2024-07-10,Unilever,News Report,high fiber
2024-07-06,Coca-Cola,News Report,baked not fried
2024-11-12,PepsiCo,Company Website,non-GMO
2025-04-10,ITC,News Report,high fiber
2024-01-28,PepsiCo,CSR Report,high fiber
2025-03-05,PepsiCo,CSR Report,natural ingredients
2024-01-28,Coca-Cola,News Report,healthy
2024-03-12,Coca-Cola,News Report,organic
2025-03-22,Britannia,Annual Report,high fiber
2024-07-07,P&G,Press Release,healthy
2024-03-21,Coca-Cola,News Report,organic
2024-07-04,ITC,Annual Report,no added sugar
2024-06-09,ITC,Company Website,low fat
2025-04-18,Marico,Company Website,healthy
2024-07-26,Nestlé,Company Website,no added sugar
2025-02-01,Amul,CSR Report,no added sugar
2024-03-16,P&G,Company Website,healthy
2025-04-24,Amul,Annual Report,organic
2024-04-04,Nestlé,Press Release,natural ingredients
2025-01-25,Amul,Company Website,healthy
2024-07-30,Britannia,Annual Report,low sodium
2024-06-03,PepsiCo,News Report,no added sugar
2024-05-25,HUL,Company Website,gluten-free
2024-07-27,Amul,Company Website,baked not fried
2024-10-21,Nestlé,News Report,no added sugar
2024-05-23,Unilever,Annual Report,high fiber
2024-05-17,Unilever,Company Website,baked not fried
2024-10-02,PepsiCo,CSR Report,non-GMO
2024-02-23,PepsiCo,Company Website,non-GMO
2025-04-04,Marico,News Report,gluten-free
2024-10-05,HUL,CSR Report,organic
2024-12-30,Coca-Cola,Annual Report,organic
2025-01-24,HUL,Annual Report,organic
2024-10-29,Coca-Cola,CSR Report,baked not fried
2024-08-30,P&G,CSR Report,organic
2024-10-05,HUL,CSR Report,baked not fried
2025-02-01,Unilever,CSR Report,non-GMO
2024-12-15,Marico,Annual Report,natural ingredients
2024-02-26,ITC,Company Website,healthy
2024-07-11,Amul,Company Website,gluten-free
2024-05-31,HUL,Press Release,baked not fried
2024-05-17,Coca-Cola,News Report,healthy
2024-12-08,HUL,News Report,baked not fried
2025-01-16,ITC,Annual Report,healthy
2024-02-15,Marico,Press Release,natural ingredients
2024-10-22,Nestlé,Press Release,natural ingredients
2024-08-05,Britannia,Annual Report,low fat
2025-04-16,PepsiCo,Company Website,no added sugar
2025-04-14,Amul,News Report,healthy
2024-03-05,PepsiCo,CSR Report,gluten-free
2024-11-28,P&G,Press Release,non-GMO
2025-01-21,Amul,Press Release,organic
2024-05-13,P&G,Press Release,healthy
2024-08-29,Marico,Company Website,natural ingredients
2025-03-25,P&G,News Report,low sodium
2024-06-04,Nestlé,Press Release,gluten-free
2024-06-05,Amul,Press Release,low fat
2024-11-01,Marico,Company Website,high fiber
2024-02-12,Unilever,Press Release,non-GMO
2024-05-15,ITC,Annual Report,organic
2025-04-12,Amul,Annual Report,natural ingredients
2024-04-16,Marico,Company Website,organic
2025-02-05,P&G,Company Website,healthy
2024-07-21,Amul,CSR Report,organic
2024-11-04,Nestlé,Press Release,gluten-free
2024-02-09,Amul,CSR Report,low fat
2024-04-22,Nestlé,CSR Report,high fiber
2024-02-18,Nestlé,Annual Report,gluten-free
2024-04-11,P&G,CSR Report,natural ingredients
2025-04-15,Marico,Company Website,low fat
2024-11-02,P&G,News Report,low sodium
2024-11-17,Nestlé,CSR Report,high fiber
2024-10-07,ITC,Press Release,healthy
2024-02-24,Coca-Cola,News Report,natural ingredients
2024-07-07,ITC,News Report,organic
2025-02-11,Amul,Annual Report,baked not fried
2024-09-09,Amul,Company Website,gluten-free
2025-01-25,Unilever,Company Website,no added sugar
2024-03-29,Marico,Company Website,low sodium
2024-12-26,Amul,Press Release,baked not fried
2024-02-11,HUL,Company Website,healthy
2024-03-20,HUL,Press Release,natural ingredients
2024-11-06,HUL,CSR Report,low fat
2025-02-10,Marico,CSR Report,low fat
2024-05-25,ITC,Press Release,low sodium
2025-04-25,PepsiCo,Press Release,natural ingredients
2025-03-08,Britannia,Company Website,organic
2024-01-22,Britannia,Annual Report,natural ingredients
2024-05-23,Unilever,Press Release,gluten-free
2025-04-08,Marico,CSR Report,non-GMO
2024-10-09,Nestlé,Press Release,no added sugar
2025-01-06,ITC,Company Website,baked not fried
2025-04-25,Amul,Press Release,healthy
2024-09-27,Marico,Annual Report,low fat
2024-06-18,HUL,Annual Report,no added sugar
2024-10-06,Coca-Cola,News Report,low fat
2024-08-18,Nestlé,Annual Report,natural ingredients
2024-12-21,Coca-Cola,Press Release,high fiber
2025-03-19,Britannia,Annual Report,low sodium
2025-04-23,ITC,News Report,natural ingredients