Competitor,Total Ads Active (Approx.),Platforms Primarily Seen,Ad Format Variety,Ad Duration (Inferred),Languages Noted,Key Observations & Themes (Enhanced)
,,,,,,
Bikano,10â€“20,"FB, IG","Medium (Static, Video)",Campaign-driven bursts,"English, Hindi","Quality focus. Emotional/festive campaigns. Expanding regional targeting (e.g., South India)."
Bikaji Foods Intl.,25â€“35,"FB, IG","High (Video, Static, Carousel, Stories/Reels)",Mix: Long-running & recent bursts,"Primarily English, some Hindi","""Aslee Bikaneri"" positioning. Core product emphasis. Lifestyle imagery. Strong 'Shop Now' CTAs."
Bikanervala,15â€“25,"FB, IG, Messenger","Medium-High (Video, Static, Carousel)",Mix: Campaign-driven & outlet ads,"Primarily English, some Hindi","Gifting focus (sweets, hampers). Restaurant offers. Seasonal themes. CTAs like 'Order Now', 'Send Message'."
Prataap Snacks (Yellow Diamond),10â€“20,"FB, IG","Medium (Static, Video)",Product-focused & campaign-driven,"Primarily English, some Hindi","Youthful, fun tone. Bright visuals. Value offers. Reuse of older celebrity content. CTAs like 'Shop Now'."
Gopal Snacks,5â€“10,"FB, IG","Medium (Static, Video)",Emerging presence,"Primarily Hindi, English","Emphasizes quality and hygiene. Data-driven insights to tailor offerings. Expanding product portfolio to include contemporary offerings like chips, alongside traditional namkeens."
,,,,,,
,,,,,,
Competitor Influencer Marketing ROI Proxy 2,,,,,,
Creative Element,Rating,Notes (Enhanced),,,,
Ad Messaging Themes,High (âœ…),"Diverse strategies: Bikaji (heritage), Bikanervala (gifting/restaurants), Yellow Diamond (youth/value), Balaji (basic branding).",,,,
Visual Style & Execution,Medium (âœ…ðŸŸ¡),Bikaji - clean product focus; Bikanervala - lifestyle/gifting; Yellow Diamond - bright/character-driven; Balaji - very basic.,,,,
Ad Format Variety,Medium (âœ…ðŸŸ¡),Predominantly feed-based ads. Carousels popular. Limited use of Stories/Reels.,,,,
Call to Action (CTA) & Landing Pages,Medium (âœ…ðŸŸ¡),CTAs mainly 'Shop Now'/'Order Now'. Links direct to e-commerce or delivery platforms. Balaji's CTA clarity is weaker.,,,,
Ad Copy & Tone,Medium (âœ…ðŸŸ¡),Straightforward copy. Yellow Diamond - playful; Bikaji - quality/tradition; Bikanervala - persuasive/festive. Some use of Hindi-English mix.,,,,
